{
        "clientStation": {
                "numberOfUsers": 10
        },
        "serverStation": {
                "contextSwitchOverhead": 0.001,
                "numberThreads": 4,
                "queueCapacity": 5,
                "timeSlice": 0.01
        },
        "distribution": {
                "serviceTime": {
                        "type": "exponential",
                        "p1": 3,
                        "p2": 4
                },
                "thinkTime": {
                        "type": "normal",
                        "p1": 3,
                        "p2": 4
                },
                "timeOut": {
                        "type": "uniform",
                        "p1": 3,
                        "p2": 4
                },
                "seed": 102475
        },
        "experiment": {
                "runs": 1,
                "requestPerRun": 50
        }
}